NM_007294_4:r.2949a>c;NP_009225_1:p.(I946L)
NM_007294_4:r.1526c>g;NP_009225_1:p.(silent)
NM_007294_4:r.5279t>g;NP_009225_1:p.(silent)
NM_007294_4:r.2104g>a;NP_009225_1:p.(R664K)
NM_007294_4:r.3828t>a;NP_009225_1:p.(S1239T)
NM_007294_4:r.4144a>g;NP_009225_1:p.(D1344G)
NM_007294_4:r.1961t>c;NP_009225_1:p.(silent)
NM_007294_4:r.2464c>g;NP_009225_1:p.(S784W)
NM_007294_4:r.237a>c;NP_009225_1:p.(I42L)
NM_007294_4:r.5091g>t;NP_009225_1:p.(E1660*)
NM_007294_4:r.4478a>c;NP_009225_1:p.(L1455F)
NM_007294_4:r.5044a>g;NP_009225_1:p.(E1644G)
NM_007294_4:r.3580a>c;NP_009225_1:p.(D1156A)
NM_007294_4:r.479t>c;NP_009225_1:p.(silent)
NM_007294_4:r.4372a>g;NP_009225_1:p.(Q1420R)
NM_007294_4:r.3175g>a;NP_009225_1:p.(S1021N)
NM_007294_4:r.5627g>a;NP_009225_1:p.(silent)
NM_007294_4:r.268t>a;NP_009225_1:p.(L52H)
NM_007294_4:r.1165a>g;NP_009225_1:p.(K351R)
NM_007294_4:r.3339a>g;NP_009225_1:p.(R1076G)
NM_007294_4:r.4111t>g;NP_009225_1:p.(V1333G)
NM_007294_4:r.2883a>t;NP_009225_1:p.(N924Y)
NM_007294_4:r.3811a>g;NP_009225_1:p.(K1233R)
NM_007294_4:r.4638t>c;NP_009225_1:p.(Y1509H)
NM_007294_4:r.5484g>t;NP_009225_1:p.(V1791L)
NM_007294_4:r.4952t>c;NP_009225_1:p.(silent)
NM_007294_4:r.605t>g;NP_009225_1:p.(silent)
NM_007294_4:r.4229t>g;NP_009225_1:p.(C1372W)
NM_007294_4:r.4348c>t;NP_009225_1:p.(A1412V)
NM_007294_4:r.2903t>c;NP_009225_1:p.(silent)
NM_007294_4:r.1786a>c;NP_009225_1:p.(K558T)
NM_007294_4:r.651a>t;NP_009225_1:p.(I180F)
NM_007294_4:r.1228g>a;NP_009225_1:p.(W372*)
NM_007294_4:r.1608a>c;NP_009225_1:p.(T499P)
NM_007294_4:r.1676a>t;NP_009225_1:p.(silent)
NM_007294_4:r.2934a>c;NP_009225_1:p.(N941H)
NM_007294_4:r.3538c>a;NP_009225_1:p.(A1142E)
NM_007294_4:r.4105a>c;NP_009225_1:p.(Q1331P)
NM_007294_4:r.3312a>c;NP_009225_1:p.(N1067H)
NM_007294_4:r.261a>t;NP_009225_1:p.(K50*)
NM_007294_4:r.735a>g;NP_009225_1:p.(T208A)
NM_007294_4:r.5336c>a;NP_009225_1:p.(silent)
NM_007294_4:r.3566t>c;NP_009225_1:p.(silent)
NM_007294_4:r.2722c>g;NP_009225_1:p.(A870G)
NM_007294_4:r.1040a>c;NP_009225_1:p.(K309N)
NM_007294_4:r.3926t>c;NP_009225_1:p.(silent)
NM_007294_4:r.2508a>g;NP_009225_1:p.(N799D)
NM_007294_4:r.1001a>t;NP_009225_1:p.(R296S)
NM_007294_4:r.349t>c;NP_009225_1:p.(F79S)
NM_007294_4:r.4110g>t;NP_009225_1:p.(V1333F)
NM_007294_4:r.787c>g;NP_009225_1:p.(A225G)
NM_007294_4:r.4059t>g;NP_009225_1:p.(F1316V)
NM_007294_4:r.1561t>g;NP_009225_1:p.(I483R)
NM_007294_4:r.169a>c;NP_009225_1:p.(Q19P)
NM_007294_4:r.5668c>t;NP_009225_1:p.(T1852I)
NM_007294_4:r.263a>c;NP_009225_1:p.(K50N)
NM_007294_4:r.5023c>g;NP_009225_1:p.(P1637R)
NM_007294_4:r.1439t>g;NP_009225_1:p.(C442W)
NM_007294_4:r.415a>t;NP_009225_1:p.(Y101F)
NM_007294_4:r.3175g>c;NP_009225_1:p.(S1021T)
NM_007294_4:r.4082a>t;NP_009225_1:p.(Q1323H)
NM_007294_4:r.2855g>t;NP_009225_1:p.(E914D)
NM_007294_4:r.5400g>a;NP_009225_1:p.(G1763R)
NM_007294_4:r.207a>g;NP_009225_1:p.(K32E)
NM_007294_4:r.4216c>a;NP_009225_1:p.(A1368E)
NM_007294_4:r.3503a>c;NP_009225_1:p.(silent)
NM_007294_4:r.5531a>g;NP_009225_1:p.(silent)
NM_007294_4:r.834c>t;NP_009225_1:p.(P241S)
NM_007294_4:r.2810c>a;NP_009225_1:p.(silent)
NM_007294_4:r.4505t>c;NP_009225_1:p.(silent)
NM_007294_4:r.3317t>c;NP_009225_1:p.(silent)
NM_007294_4:r.2653t>g;NP_009225_1:p.(M847R)
NM_007294_4:r.1940t>c;NP_009225_1:p.(silent)
NM_007294_4:r.966c>t;NP_009225_1:p.(H285Y)
NM_007294_4:r.2564t>g;NP_009225_1:p.(silent)
NM_007294_4:r.4348c>g;NP_009225_1:p.(A1412G)
NM_007294_4:r.1661t>a;NP_009225_1:p.(D516E)
NM_007294_4:r.2679t>a;NP_009225_1:p.(Y856N)
NM_007294_4:r.1368g>t;NP_009225_1:p.(V419L)
NM_007294_4:r.4037a>t;NP_009225_1:p.(silent)
NM_007294_4:r.1384g>t;NP_009225_1:p.(G424V)
NM_007294_4:r.2707a>g;NP_009225_1:p.(K865R)
NM_007294_4:r.3070t>c;NP_009225_1:p.(I986T)
NM_007294_4:r.2049a>c;NP_009225_1:p.(S646R)
NM_007294_4:r.2455a>t;NP_009225_1:p.(E781V)
NM_007294_4:r.3341a>t;NP_009225_1:p.(R1076S)
NM_007294_4:r.2413g>a;NP_009225_1:p.(S767N)
NM_007294_4:r.3553c>t;NP_009225_1:p.(S1147F)
NM_007294_4:r.3793a>g;NP_009225_1:p.(Q1227R)
NM_007294_4:r.1521a>t;NP_009225_1:p.(S470C)
NM_007294_4:r.4040t>c;NP_009225_1:p.(silent)
NM_007294_4:r.3249g>c;NP_009225_1:p.(E1046Q)
NM_007294_4:r.1618t>a;NP_009225_1:p.(L502*)
NM_007294_4:r.2380g>t;NP_009225_1:p.(R756M)
NM_007294_4:r.1679t>c;NP_009225_1:p.(silent)
NM_007294_4:r.866g>a;NP_009225_1:p.(silent)
NM_007294_4:r.289c>a;NP_009225_1:p.(S59*)
NM_007294_4:r.5612g>c;NP_009225_1:p.(silent)
NM_007294_4:r.5019a>g;NP_009225_1:p.(K1636E)
NM_007294_4:r.1929c>g;NP_009225_1:p.(P606A)
